marketplace,sku,cost_price
wildberries,WB-001,600.00
wildberries,WB-002,250.00
wildberries,WB-003,430.00
wildberries,WB-004,785.50
wildberries,WB-005,1290.00
wildberries,WB-006,315.75
wildberries,WB-007,960.00
wildberries,WB-008,187.20
wildberries,WB-009,540.00
wildberries,WB-010,1125.00
wildberries,WB-011,670.40
wildberries,WB-012,2490.00
wildberries,WB-013,385.00
wildberries,WB-014,940.00
wildberries,WB-015,1560.00
wildberries,WB-016,275.50
wildberries,WB-017,890.00
wildberries,WB-018,412.35
wildberries,WB-019,730.00
wildberries,WB-020,1180.00
ozon,OZ-001,520.00
ozon,OZ-002,345.00
ozon,OZ-003,799.90
ozon,OZ-004,1260.00
ozon,OZ-005,210.00
ozon,OZ-006,680.00
ozon,OZ-007,1450.00
ozon,OZ-008,390.50
ozon,OZ-009,975.00
ozon,OZ-010,2250.00
ozon,OZ-011,465.00
ozon,OZ-012,850.00
ozon,OZ-013,1320.75
ozon,OZ-014,289.00
ozon,OZ-015,710.00
ozon,OZ-016,1685.00
ozon,OZ-017,555.25
ozon,OZ-018,1040.00
ozon,OZ-019,365.00
ozon,OZ-020,1999.00
